id, product_name, description, price, img, category
1,name,description,10,placeholder.png,item
2,name,description,20,placeholder.png,item
3,name,description,30,placeholder.png,item
4,name,description,20.75,placeholder.png,item
5,name,description,33.52,placeholder.png,item
6,name,description,20.75,placeholder.png,item
7,name,description,20.75,placeholder.png,item
8,name,description,20.75,placeholder.png,item
9,name,description,20.75,placeholder.png,item
10,name,description,20.75,placeholder.png,item
11,name,description,20.75,placeholder.png,item
12,name,description,20.75,placeholder.png,item
13,name,description,20.75,placeholder.png,item
14,name,description,20.75,placeholder.png,item
15,name,description,20.75,placeholder.png,item
16,name,description,20.75,placeholder.png,item
17,name,description,20.75,placeholder.png,item
18,name,description,20.75,placeholder.png,item2
19,name,description,20.75,placeholder.png,item2
20,name,description,20.75,placeholder.png,item2
21,name,description,20.75,placeholder.png,item2
22,name,description,20.75,placeholder.png,item2
23,name,description,20.75,placeholder.png,item2
24,name,description,20.75,placeholder.png,item2
25,name,description,20.75,placeholder.png,item2
26,name,description,20.75,placeholder.png,item2
27,name,description,20.75,placeholder.png,item2
28,name,description,20.75,placeholder.png,item2
29,name,description,20.75,placeholder.png,item2
30,name,description,20.75,placeholder.png,item2
31,name,description,20.75,placeholder.png,item2
32,name,description,20.75,placeholder.png,item2
33,name,description,20.75,placeholder.png,item2
34,name,description,20.75,placeholder.png,item2
35,name,description,20.75,placeholder.png,item3
36,name,description,20.75,placeholder.png,item3
37,name,description,20.75,placeholder.png,item3
38,name,description,20.75,placeholder.png,item3
39,name,description,20.75,placeholder.png,item3
40,name,description,20.75,placeholder.png,item3
41,name,description,20.75,placeholder.png,item3
42,name,description,20.75,placeholder.png,item3
43,name,description,20.75,placeholder.png,item3
44,name,description,20.75,placeholder.png,item3
45,name,description,20.75,placeholder.png,item3
46,name,description,20.75,placeholder.png,item3
47,name,description,20.75,placeholder.png,item3
48,name,description,20.75,placeholder.png,item3
49,name,description,20.75,placeholder.png,item3
50,name,description,20.75,placeholder.png,item3
51,name,description,20.75,placeholder.png,item3